level,caseId,filter,seed,reached,stuck,T,exitAct,exitChain,tOutChain,collision,uMean,uCV,filtPct,infeasPct,exited,leftChain
nominal,1,none,1,1,0,178.89,0,0,0,0,0.923804426474564,0.591003011535999,0,0,0,0
nominal,1,none,2,1,0,166.58,0,0,0,0,0.967662285398116,0.528184643523536,0,0,0,0
nominal,1,CBF,1,1,0,178.89,0,0,0,0,0.923804426474564,0.591003011535999,0,0,0,0
nominal,1,CBF,2,1,0,166.58,0,0,0,0,0.967662285398116,0.528184643523536,0,0,0,0
nominal,1,HOCBF,1,1,0,178.89,0,0,0,0,0.923804426474564,0.591003011535999,0,0,0,0
nominal,1,HOCBF,2,1,0,166.58,0,0,0,0,0.967662285398116,0.528184643523536,0,0,0,0
nominal,1,rCBF,1,1,0,178.9,0,0,0,0,0.923411677471014,0.59101118275911,0.313006539600917,0.0894354387926216,0,0
nominal,1,rCBF,2,1,0,165.59,0,0,0,0,0.970764753279664,0.527797606415071,0.477053140096618,0.27779455281116,0,0
nominal,1,rHOCBF,1,1,0,178.93,0,0,0,0,0.92370520755374,0.591193627541596,0.111769308147983,0,0,0
nominal,1,rHOCBF,2,1,0,166.62,0,0,0,0,0.967426214246639,0.528397706554238,0.546120146432215,0,0,0
current 0.15 m/s,2,none,1,1,0,165.45,0,0,0,0,0.948920381347956,0.587890454020605,0,0,0,0
current 0.15 m/s,2,none,2,1,0,156.21,0,0,0,0,0.949726103918627,0.521852411765723,0,0,0,0
current 0.15 m/s,2,CBF,1,1,0,165.45,0,0,0,0,0.948920381347956,0.587890454020605,0,0,0,0
current 0.15 m/s,2,CBF,2,1,0,156.21,0,0,0,0,0.949726103918627,0.521852411765723,0,0,0,0
current 0.15 m/s,2,HOCBF,1,1,0,165.45,0,0,0,0,0.948920381347956,0.587890454020605,0,0,0,0
current 0.15 m/s,2,HOCBF,2,1,0,156.21,0,0,0,0,0.949726103918627,0.521852411765723,0,0,0,0
current 0.15 m/s,2,rCBF,1,1,0,163.84,0,0,0,0,0.961598350475474,0.573410027415542,1.11077204760452,0.72021484375,0,0
current 0.15 m/s,2,rCBF,2,1,0,156.27,0,0,0,0,0.94921972303292,0.522612541724275,0.140772971589455,0.0511934472387534,0,0
current 0.15 m/s,2,rHOCBF,1,1,0,165.63,0,0,0,0,0.947451988906512,0.590007919117995,0.380342912340014,0,0,0
current 0.15 m/s,2,rHOCBF,2,1,0,156.25,0,0,0,0,0.949903587294283,0.521876616871591,0.108793037245616,0,0,0
current 0.15 m/s,3,none,1,1,0,166.46,0,0,0,0,0.925840018870405,0.596618913359794,0,0,0,0
current 0.15 m/s,3,none,2,1,0,147.25,0,0,0,0,0.986145387277949,0.51745892110128,0,0,0,0
current 0.15 m/s,3,CBF,1,1,0,164.7,0,0,0,0,0.928385031453038,0.590096887706241,0.297492562685933,0.188221007893139,0,0
current 0.15 m/s,3,CBF,2,1,0,147.25,0,0,0,0,0.986145387277949,0.51745892110128,0,0,0,0
current 0.15 m/s,3,HOCBF,1,1,0,166.48,0,0,0,0,0.925622625548155,0.59701313446877,0.162171902216349,0,0,0
current 0.15 m/s,3,HOCBF,2,1,0,147.25,0,0,0,0,0.986145387277949,0.51745892110128,0,0,0,0
current 0.15 m/s,3,rCBF,1,1,0,164.14,0,0,0,0,0.93770438091929,0.58329147411141,0.901614377094121,0.645790179115389,0,0
current 0.15 m/s,3,rCBF,2,1,0,147.09,0,0,0,0,0.985666233165609,0.520684703042645,0.278721957851801,0.115575497994425,0,0
current 0.15 m/s,3,rHOCBF,1,1,0,165.62,0,0,0,0,0.921888997484002,0.597970650860483,1.87767916440258,0,0,0
current 0.15 m/s,3,rHOCBF,2,1,0,147.27,0,0,0,0,0.986059701263354,0.517727715867842,0.183324280282455,0,0,0
current 0.15 m/s,4,none,1,1,0,178.02,0,0,0,0,0.897370536533717,0.604191494236431,0,0,0,0
current 0.15 m/s,4,none,2,1,0,156.75,0,0,0,0,0.976439559086225,0.509746136896285,0,0,0,0
current 0.15 m/s,4,CBF,1,1,0,178.02,0,0,0,0,0.897370536533717,0.604191494236431,0,0,0,0
current 0.15 m/s,4,CBF,2,1,0,156.75,0,0,0,0,0.976439559086225,0.509746136896285,0.025516713447308,0,0,0
current 0.15 m/s,4,HOCBF,1,1,0,178.02,0,0,0,0,0.897370536533717,0.604191494236431,0,0,0,0
current 0.15 m/s,4,HOCBF,2,1,0,156.75,0,0,0,0,0.976439559086225,0.509746136896285,0,0,0,0
current 0.15 m/s,4,rCBF,1,1,0,177.78,0,0,0,0,0.899246407198083,0.602107460239284,0.826818156251758,0.517493531330858,0,0
current 0.15 m/s,4,rCBF,2,1,0,155.88,0,0,0,0,0.988048749370191,0.511590060393357,1.3214446083777,0.654349499615088,0,0
current 0.15 m/s,4,rHOCBF,1,1,0,178.23,0,0,0,0,0.896484226728862,0.60504608738395,0.521768402154399,0,0,0
current 0.15 m/s,4,rHOCBF,2,1,0,157.16,0,0,0,0,0.967872500432037,0.521306070476423,0.464465228733219,0,0,0
current 0.15 m/s,5,none,1,1,0,202,0,0,0,0,0.857966862111605,0.623061010890619,0,0,0,0
current 0.15 m/s,5,none,2,1,0,170.21,0,0,0,0,0.981244602012159,0.49585278630489,0,0,0,0
current 0.15 m/s,5,CBF,1,1,0,202,0,0,0,0,0.857966862111605,0.623061010890619,0,0,0,0
current 0.15 m/s,5,CBF,2,1,0,169.18,0,0,0,0,0.98477402474443,0.494842720772484,0.307346769903659,0.224612838396974,0,0
current 0.15 m/s,5,HOCBF,1,1,0,202,0,0,0,0,0.857966862111605,0.623061010890619,0,0,0,0
current 0.15 m/s,5,HOCBF,2,1,0,170.21,0,0,0,0,0.981244602012159,0.49585278630489,0,0,0,0
current 0.15 m/s,5,rCBF,1,1,0,200.3,0,0,0,0,0.860199230693913,0.626030687429107,0.62403274923868,0.469296055916126,0,0
current 0.15 m/s,5,rCBF,2,1,0,167.07,0,0,0,0,0.997642078493819,0.482438715110918,1.40651185061049,0.820015562339139,0,0
current 0.15 m/s,5,rHOCBF,1,1,0,202.37,0,0,0,0,0.856903931710751,0.623844263693029,0.449649174819646,0,0,0
current 0.15 m/s,5,rHOCBF,2,1,0,173.53,0,0,0,0,0.962006567273891,0.51864783052903,2.50662671430218,0,0,0
current 0.15 m/s,6,none,1,1,0,216.43,0,0,0,0,0.850099934441226,0.630860993931742,0,0,0,0
current 0.15 m/s,6,none,2,1,0,182.31,0,0,0,0,1.01354159304058,0.491945715090709,0,0,0,0
current 0.15 m/s,6,CBF,1,1,0,216.43,0,0,0,0,0.850099934441226,0.630860993931742,0,0,0,0
current 0.15 m/s,6,CBF,2,1,0,182.31,0,0,0,0,1.01354159304058,0.491945715090709,0,0,0,0
current 0.15 m/s,6,HOCBF,1,1,0,216.43,0,0,0,0,0.850099934441226,0.630860993931742,0,0,0,0
current 0.15 m/s,6,HOCBF,2,1,0,182.31,0,0,0,0,1.01354159304058,0.491945715090709,0,0,0,0
current 0.15 m/s,6,rCBF,1,1,0,216.37,0,0,0,0,0.850332479347159,0.630658834505624,0.0415934929291062,0,0,0
current 0.15 m/s,6,rCBF,2,1,0,182.57,0,0,0,0,1.01302708266213,0.492364187502011,0.0492934604009201,0,0,0
current 0.15 m/s,6,rHOCBF,1,1,0,216.59,0,0,0,0,0.849566340820752,0.631218363610698,0.244690674053555,0,0,0
current 0.15 m/s,6,rHOCBF,2,1,0,182.48,0,0,0,0,1.01286181455789,0.492382114189433,0.131514055564688,0,0,0
current 0.15 m/s,7,none,1,1,0,214.3,0,0,0,0,0.882011371941442,0.611677439486122,0,0,0,0
current 0.15 m/s,7,none,2,1,0,193.91,0,0,0,0,0.961553543329421,0.517326483467681,0,0,0,0
current 0.15 m/s,7,CBF,1,1,0,214.16,0,0,0,0,0.88212509862973,0.611971002899056,0.121398888733249,0,0,0
current 0.15 m/s,7,CBF,2,1,0,191.24,0,0,0,0,0.965826025895258,0.515590145579195,0.162091503267974,0.125496758000418,0,0
current 0.15 m/s,7,HOCBF,1,1,0,214.37,0,0,0,0,0.881974515916902,0.611504045390501,0.0466461423640265,0,0,0
current 0.15 m/s,7,HOCBF,2,1,0,194.01,0,0,0,0,0.961117364781938,0.517629236711599,0.108236264302649,0,0,0
current 0.15 m/s,7,rCBF,1,1,0,214.71,0,0,0,0,0.880809336301253,0.614643112241623,0.549552906110283,0.312048810022821,0,0
current 0.15 m/s,7,rCBF,2,1,0,191.4,0,0,0,0,0.966351423132226,0.512890858234174,0.741863016561308,0.334378265412748,0,0
current 0.15 m/s,7,rHOCBF,1,1,0,213.35,0,0,0,0,0.872754991515009,0.625120004011018,0.459317585301837,0,0,0
current 0.15 m/s,7,rHOCBF,2,1,0,197.75,0,0,0,0,0.920636656371004,0.577616821154119,1.25910194174757,0,0,0
current 0.15 m/s,8,none,1,1,0,192.41,0,0,0,0,0.921993753644677,0.591025143887942,0,0,0,0
current 0.15 m/s,8,none,2,1,0,189.48,0,0,0,0,0.946188113280653,0.525344354272562,0,0,0,0
current 0.15 m/s,8,CBF,1,1,0,192.41,0,0,0,0,0.921993753644677,0.591025143887942,0,0,0,0
current 0.15 m/s,8,CBF,2,1,0,188.59,0,0,0,0,0.94637121984027,0.527316565307953,0.116648992576882,0.0159075242589745,0,0
current 0.15 m/s,8,HOCBF,1,1,0,192.41,0,0,0,0,0.921993753644677,0.591025143887942,0,0,0,0
current 0.15 m/s,8,HOCBF,2,1,0,190.29,0,0,0,0,0.946873259957807,0.522219351650384,0.0998423541776143,0,0,0
current 0.15 m/s,8,rCBF,1,1,0,192.06,0,0,0,0,0.92292410782383,0.590406374929684,0.286353933461759,0.119754243465584,0,0
current 0.15 m/s,8,rCBF,2,1,0,186.81,0,0,0,0,0.951695120798328,0.524430515494693,0.706562466545338,0.305122852095712,0,0
current 0.15 m/s,8,rHOCBF,1,1,0,192.56,0,0,0,0,0.921307025382915,0.59168481918952,0.436205016357688,0,0,0
current 0.15 m/s,8,rHOCBF,2,1,0,216.33,0,0,0,0,0.717610872402199,0.946895055508448,11.0150688730702,0,0,0
current 0.15 m/s,9,none,1,1,0,174.57,0,0,0,0,0.946352013036486,0.584456760547002,0,0,0,0
current 0.15 m/s,9,none,2,1,0,174.45,0,0,0,0,0.917873593019479,0.541904904679191,0,0,0,0
current 0.15 m/s,9,CBF,1,1,0,174.57,0,0,0,0,0.946352013036486,0.584456760547002,0,0,0,0
current 0.15 m/s,9,CBF,2,1,0,174.45,0,0,0,0,0.917873593019479,0.541904904679191,0,0,0,0
current 0.15 m/s,9,HOCBF,1,1,0,174.57,0,0,0,0,0.946352013036486,0.584456760547002,0,0,0,0
current 0.15 m/s,9,HOCBF,2,1,0,174.45,0,0,0,0,0.917873593019479,0.541904904679191,0,0,0,0
current 0.15 m/s,9,rCBF,1,1,0,175.52,0,0,0,0,0.942319058595657,0.589335882830021,0.501338802483906,0.267775752051048,0,0
current 0.15 m/s,9,rCBF,2,1,0,174.45,0,0,0,0,0.917873593019479,0.541904904679191,0.0057319729450877,0,0,0
current 0.15 m/s,9,rHOCBF,1,1,0,174.6,0,0,0,0,0.946230422315073,0.584656195595058,0.240536051772522,0,0,0
current 0.15 m/s,9,rHOCBF,2,1,0,174.45,0,0,0,0,0.91791834803756,0.541860376367329,0.0515877565057893,0,0,0
current 0.30 m/s,10,none,1,1,0,166.97,0,0,0,0,0.952669866369665,0.567770112094149,0,0,0,0
current 0.30 m/s,10,none,2,1,0,283.4,0,0,0,0,0.640889377624905,0.7352186068742,0,0,0,0
current 0.30 m/s,10,CBF,1,1,0,166.97,0,0,0,0,0.952669866369665,0.567770112094149,0,0,0,0
current 0.30 m/s,10,CBF,2,1,0,283.4,0,0,0,0,0.640889377624905,0.7352186068742,0,0,0,0
current 0.30 m/s,10,HOCBF,1,1,0,166.92,0,0,0,0,0.95291608884004,0.56751022663274,0.0299526747738573,0,0,0
current 0.30 m/s,10,HOCBF,2,1,0,283.4,0,0,0,0,0.640889377624905,0.7352186068742,0,0,0,0
current 0.30 m/s,10,rCBF,1,1,0,165.9,0,0,0,0,0.96252580129146,0.554884424391496,1.01259719124827,0.78963230861965,0,0
current 0.30 m/s,10,rCBF,2,1,0,267.22,0,0,0,0,0.665137925342436,0.728544238771266,1.46690117127568,0.860714018411796,0,0
current 0.30 m/s,10,rHOCBF,1,1,0,167.37,0,0,0,0,0.948968149371044,0.572990895277148,0.430158919823157,0,0,0
current 0.30 m/s,10,rHOCBF,2,0,1,375.04,0,0,0,0,0.405316655777349,0.990582312985014,12.6409812025063,0.226642491467577,0,0
current 0.30 m/s,11,none,1,1,0,158.57,0.510704850833611,0.483531954232293,4.42999999999995,0,0.915426179218455,0.581848389338036,0,0,1,1
current 0.30 m/s,11,none,2,1,0,152.55,0,0,0,0,0.930180311428641,0.550386637232794,0,0,0,0
current 0.30 m/s,11,CBF,1,1,0,155.52,0.132053585064054,0.132053585064054,1.89,0,0.931996476329548,0.567541757028227,1.00302192503054,0.379372427983539,1,1
current 0.30 m/s,11,CBF,2,1,0,152.55,0,0,0,0,0.9301810200388,0.550384988079327,0.00655479811221814,0,0,0
current 0.30 m/s,11,HOCBF,1,0,1,412.04,0.12810733591536,0.12810733591536,293.579999999878,0,0.0545173579030633,11.7254636367599,71.1491323868463,0,1,1
current 0.30 m/s,11,HOCBF,2,1,0,152.56,0,0,0,0,0.930055259382354,0.550496374940105,0.0589893163793669,0,0,0
current 0.30 m/s,11,rCBF,1,1,0,155.7,0.0218338553674566,0.0218338553674566,0.33,0,0.933573638395104,0.561106160201035,2.38905657953889,1.80475272960822,1,1
current 0.30 m/s,11,rCBF,2,1,0,149.12,0,0,0,0,0.945212466463947,0.534474586324217,1.84402869979213,1.22049356223176,0,0
current 0.30 m/s,11,rHOCBF,1,0,1,412.71,0.00344315385076932,0.00344315385076932,1.2,0,0.0549091242012575,11.5755385319394,72.0076565225819,0,0,0
current 0.30 m/s,11,rHOCBF,2,1,0,153.65,0,0,0,0,0.923397602643274,0.557781357805184,1.54887413770663,0,0,0
current 0.30 m/s,12,none,1,1,0,214.89,0,0,0,0,0.800058357739826,0.64178283866182,0,0,0,0
current 0.30 m/s,12,none,2,1,0,151.23,0,0,0,0,0.994020440199015,0.517265265043288,0,0,0,0
current 0.30 m/s,12,CBF,1,1,0,214.86,0,0,0,0,0.800152143005536,0.641781554606129,0.0418857914087588,0,0,0
current 0.30 m/s,12,CBF,2,1,0,151.23,0,0,0,0,0.994020440199015,0.517265265043288,0,0,0,0
current 0.30 m/s,12,HOCBF,1,1,0,214.9,0,0,0,0,0.800040829834687,0.641796679386456,0.0372248848355125,0,0,0
current 0.30 m/s,12,HOCBF,2,1,0,151.23,0,0,0,0,0.994020440199015,0.517265265043288,0,0,0,0
current 0.30 m/s,12,rCBF,1,1,0,205.4,0,0,0,0,0.827362436003855,0.617699727874242,2.07390097853074,1.44595910418695,0,0
current 0.30 m/s,12,rCBF,2,1,0,151.01,0,0,0,0,0.994891464168472,0.516588253954241,0.311217057343398,0.1258194821535,0,0
current 0.30 m/s,12,rHOCBF,1,1,0,210.98,0.000107071219217936,0.000107071219217936,0.1,0,0.791885380884037,0.682105762757444,5.19929854495474,0,0,0
current 0.30 m/s,12,rHOCBF,2,1,0,151.3,0,0,0,0,0.993146440006048,0.51880605795033,0.634459057563942,0,0,0
current 0.30 m/s,13,none,1,0,0,499.99,0,0,0,0,0.506290120370579,0.799794851910703,0,0,0,0
current 0.30 m/s,13,none,2,1,0,190.38,0,0,0,0,0.998495028875249,0.481712340386117,0,0,0,0
current 0.30 m/s,13,CBF,1,0,0,499.99,0,0,0,0,0.506299371169182,0.799767840400182,0.008,0,0,0
current 0.30 m/s,13,CBF,2,1,0,188.71,0,0,0,0,1.00622789565522,0.477275841175545,1.28762187367529,0.408033490541042,0,0
current 0.30 m/s,13,HOCBF,1,0,0,499.99,0,0,0,0,0.506290120370579,0.799794851910703,0,0,0,0
current 0.30 m/s,13,HOCBF,2,1,0,190.17,0,0,0,0,0.994420700804842,0.487261350851884,0.231359764433694,0,0,0
current 0.30 m/s,13,rCBF,1,1,0,378.11,0,0,0,0,0.631968584148241,0.740790239194667,0.975880672802285,0.711433180820396,0,0
current 0.30 m/s,13,rCBF,2,1,0,188.23,0,0,0,0,1.00838828687828,0.478916696587855,1.34402889927752,0.929713648196355,0,0
current 0.30 m/s,13,rHOCBF,1,0,0,499.99,0.142117553609972,0.109923168705417,0.78,0,0.320717038871149,1.74343363100963,34.018,0.132,1,1
current 0.30 m/s,13,rHOCBF,2,1,0,190.25,0,0,0,0,0.969508753385902,0.542777661861761,0.57815620729528,0.0525624178712221,0,0
current 0.30 m/s,14,none,1,0,1,438.48,0.79307420562582,0.460482552721549,4.36999999999995,0,0.522283520602499,0.858882769978866,0,0,1,1
current 0.30 m/s,14,none,2,1,0,221.91,0,0,0,0,0.976787202559372,0.485579360031472,0,0,0,0
current 0.30 m/s,14,CBF,1,0,1,427.54,0.454610397925518,0.138408850454699,1.05,0,0.526691099453067,0.865472541873763,0.334463805402877,0.245591055807644,1,1
current 0.30 m/s,14,CBF,2,1,0,221.91,0,0,0,0,0.976787202559372,0.485579360031472,0,0,0,0
current 0.30 m/s,14,HOCBF,1,0,1,446.4,0.255414285516584,0.0642069212962475,2.22,0,0.516602001539086,0.871125864953597,0.235209784727045,0.154569892473118,1,1
current 0.30 m/s,14,HOCBF,2,1,0,221.91,0,0,0,0,0.976787202559372,0.485579360031472,0,0,0,0
current 0.30 m/s,14,rCBF,1,1,0,456.33,0.119871031956718,0.0259278338159954,0.23,0,0.610131179953548,0.750333729617929,0.624534338431871,0.42293953936844,1,1
current 0.30 m/s,14,rCBF,2,1,0,221.87,0,0,0,0,0.976996902964734,0.485510643446408,0.0540832882639264,0,0,0
current 0.30 m/s,14,rHOCBF,1,0,1,367.84,0.00385902912117086,0.00385902912117086,0.65,0,0.0123054136432533,54.9212547252792,80.2691314394454,0,0,0
current 0.30 m/s,14,rHOCBF,2,1,0,221.95,0,0,0,0,0.976790842333567,0.485592672313659,0.130654171922869,0,0,0
current 0.30 m/s,15,none,1,1,0,450.18,0.000614800876931998,0.000614800876931998,0.39,0,0.616316275984328,0.760983204901611,0,0,0,0
current 0.30 m/s,15,none,2,1,0,309.47,0,0,0,0,0.76357800074853,0.650102732314291,0,0,0,0
current 0.30 m/s,15,CBF,1,1,0,450.18,0.000614800876931998,0.000614800876931998,0.39,0,0.616316275984328,0.760983204901611,0,0,0,0
current 0.30 m/s,15,CBF,2,1,0,309.47,0,0,0,0,0.76357800074853,0.650102732314291,0,0,0,0
current 0.30 m/s,15,HOCBF,1,1,0,450.18,0.000614800876931998,0.000614800876931998,0.39,0,0.616316275984328,0.760983204901611,0,0,0,0
current 0.30 m/s,15,HOCBF,2,1,0,309.91,0,0,0,0,0.763140220864379,0.650274761805412,0.080665978316985,0,0,0
current 0.30 m/s,15,rCBF,1,1,0,421.35,0,0,0,0,0.638935956806104,0.747592832152794,0.676381241693564,0.415331672006645,0,0
current 0.30 m/s,15,rCBF,2,1,0,273.47,0,0,0,0,0.830416840527109,0.598826179247733,0.727658329676759,0.48268548652503,0,0
current 0.30 m/s,15,rHOCBF,1,0,0,499.99,0,0,0,0,0.306421545382654,1.94958881761665,37.818,0.018,0,0
current 0.30 m/s,15,rHOCBF,2,1,0,317.12,0.243711368793118,0.243711368793118,2.36999999999999,0,0.747051808131451,0.723508366753666,4.03935294674108,0.485620585267407,1,1
current 0.30 m/s,16,none,1,1,0,362.34,0.175146587312347,0.174554035931872,14.8099999999997,0,0.676111548677612,0.746275954568564,0,0,1,1
current 0.30 m/s,16,none,2,0,1,388.59,0,0,0,0,0.459766188047821,0.838707838135377,0,0,0,0
current 0.30 m/s,16,CBF,1,1,0,294.03,0.0670135511315832,0.0670135511315832,3.10999999999998,0,0.770571706067633,0.681205353348847,0.802611889538838,0,1,1
current 0.30 m/s,16,CBF,2,0,1,388.59,0,0,0,0,0.459766188047821,0.838707838135377,0,0,0,0
current 0.30 m/s,16,HOCBF,1,1,0,367.33,0.111670964422196,0.111670964422196,18.7300000000001,0,0.670671959754527,0.749794720473312,1.32846953775794,0,1,1
current 0.30 m/s,16,HOCBF,2,0,1,388.59,0,0,0,0,0.459766188047821,0.838707838135377,0,0,0,0
current 0.30 m/s,16,rCBF,1,1,0,330.53,0.00988362895723593,0.00988362895723593,0.29,0,0.70400085032674,0.73149386575342,0.810794457554305,0.496172813360361,0,0
current 0.30 m/s,16,rCBF,2,1,0,357.49,0,0,0,0,0.674367113109209,0.706842182155406,0.970629370629371,0.615401829421802,0,0
current 0.30 m/s,16,rHOCBF,1,1,0,292.73,0,0,0,0,0.772834987103201,0.679370871021876,1.83780829404933,0,0,0
current 0.30 m/s,16,rHOCBF,2,1,0,410.86,0,0,0,0,0.628597838429952,0.743126446028636,4.1667680774941,0,0,0
current 0.30 m/s,17,none,1,1,0,199.78,1.09806064856368,0.344947070747834,8.12999999999987,0,0.913513130384026,0.606558040757242,0,0,1,1
current 0.30 m/s,17,none,2,0,1,386.81,0,0,0,0,0.432365851554353,0.841200873790709,0,0,0,0
current 0.30 m/s,17,CBF,1,1,0,191.01,0.0979069314564289,0.0979069314564289,1.31,0,0.945496956095529,0.577460496450451,0.675321955816145,0.209413119731951,1,1
current 0.30 m/s,17,CBF,2,0,1,386.81,0,0,0,0,0.432365851554353,0.841200873790709,0,0,0,0
current 0.30 m/s,17,HOCBF,1,0,1,434.06,0.119424600498937,0.118227173802881,296.379999999875,0,0.0923954776641146,7.04386264124304,68.168728546087,0,1,1
current 0.30 m/s,17,HOCBF,2,0,1,386.81,0,0,0,0,0.432365851554353,0.841200873790709,0,0,0,0
current 0.30 m/s,17,rCBF,1,1,0,189.46,0.019145433174939,0.019145433174939,0.31,0,0.952819562150128,0.568953374971269,1.11891064548477,0.67032619022485,1,1
current 0.30 m/s,17,rCBF,2,0,1,463.17,0,0,0,0,0.412489998088746,0.809852718991642,0.265555507578047,0.138178206705961,0,0
current 0.30 m/s,17,rHOCBF,1,0,1,434.08,0,0,0,0,0.0919735918106868,7.07416132363431,68.4120804441475,0,0,0
current 0.30 m/s,17,rHOCBF,2,0,1,386.81,0,0,0,0,0.43482712940318,0.833711975372029,6.68269479344398,0,0,0
INS low,18,none,1,1,0,179.3,0,0,0,0,0.921630320108665,0.59276184994001,0,0,0,0
INS low,18,none,2,1,0,166.1,0,0,0,0,0.970101329943099,0.524859404316028,0,0,0,0
INS low,18,CBF,1,1,0,179.3,0,0,0,0,0.921630320108665,0.59276184994001,0,0,0,0
INS low,18,CBF,2,1,0,166.1,0,0,0,0,0.970101329943099,0.524859404316028,0,0,0,0
INS low,18,HOCBF,1,1,0,179.3,0,0,0,0,0.921630320108665,0.59276184994001,0,0,0,0
INS low,18,HOCBF,2,1,0,166.1,0,0,0,0,0.970101329943099,0.524859404316028,0,0,0,0
INS low,18,rCBF,1,1,0,178.61,0,0,0,0,0.924843668739527,0.590452109200606,0.313514723995073,0.117574603885561,0,0
INS low,18,rCBF,2,1,0,165.46,0,0,0,0,0.972604871188529,0.522690037138033,0.350516709977639,0.181312703976792,0,0
INS low,18,rHOCBF,1,1,0,179.47,0,0,0,0,0.920573585827091,0.592520080741147,0.250724314686873,0,0,0
INS low,18,rHOCBF,2,1,0,166.13,0,0,0,0,0.970018249515429,0.524650375199537,0.306970025279884,0,0,0
INS low,19,none,1,1,0,179.36,0,0,0,0,0.92218061129909,0.593067713764258,0,0,0,0
INS low,19,none,2,1,0,166,0,0,0,0,0.97088470417341,0.524393287422188,0,0,0,0
INS low,19,CBF,1,1,0,179.39,0,0,0,0,0.921869854236702,0.592863567986963,0.00557413600891862,0.00557444673616144,0,0
INS low,19,CBF,2,1,0,166,0,0,0,0,0.970888101750582,0.524389304334781,0.00602373351002952,0,0,0
INS low,19,HOCBF,1,1,0,179.36,0,0,0,0,0.92218061129909,0.593067713764258,0,0,0,0
INS low,19,HOCBF,2,1,0,166,0,0,0,0,0.97088470417341,0.524393287422188,0,0,0,0
INS low,19,rCBF,1,1,0,178.28,0,0,0,0,0.925829759326859,0.589770056079258,0.162656346401929,0.0504823872560018,0,0
INS low,19,rCBF,2,1,0,165.75,0,0,0,0,0.971555746136641,0.523659333271484,0.235279922779923,0.102564102564103,0,0
INS low,19,rHOCBF,1,1,0,179.29,0,0,0,0,0.922500491279886,0.593767866895753,0.273284997211378,0.00557755591499805,0,0
INS low,19,rHOCBF,2,1,0,166.9,0,0,0,0,0.967304049208068,0.526421199300539,0.4074051884249,0.00599161174355902,0,0
INS low,20,none,1,1,0,179.12,0,0,0,0,0.923687855306991,0.590213256400134,0,0,0,0
INS low,20,none,2,1,0,166.32,0,0,0,0,0.96902364144816,0.524501553809739,0,0,0,0
INS low,20,CBF,1,1,0,179.12,0,0,0,0,0.923687855306991,0.590213256400134,0,0,0,0
INS low,20,CBF,2,1,0,166.32,0,0,0,0,0.969025655201335,0.524498229546362,0.00601214453195455,0,0,0
INS low,20,HOCBF,1,1,0,179.12,0,0,0,0,0.923687855306991,0.590213256400134,0,0,0,0
INS low,20,HOCBF,2,1,0,166.32,0,0,0,0,0.969078102746121,0.52445658931358,0.00601214453195455,0,0,0
INS low,20,rCBF,1,1,0,178.41,0,0,0,0,0.926637453711025,0.589085809997378,0.487613496244816,0.229807746202567,0,0
INS low,20,rCBF,2,1,0,165.15,0,0,0,0,0.974250760278937,0.522209650895489,0.37539355776217,0.20587344838026,0,0
INS low,20,rHOCBF,1,1,0,180.01,0,0,0,0,0.91986269766444,0.59397894275598,0.355516053771803,0,0,0
INS low,20,rHOCBF,2,1,0,166.53,0,0,0,0,0.967489043336881,0.526618787492539,0.49237420439534,0.00600492403771092,0,0
INS low,21,none,1,1,0,178.63,0,0,0,0,0.924588325244577,0.592291771279938,0,0,0,0
INS low,21,none,2,1,0,166.35,0,0,0,0,0.968678328206722,0.524903357348464,0,0,0,0
INS low,21,CBF,1,1,0,178.63,0,0,0,0,0.924588325244577,0.592291771279938,0,0,0,0
INS low,21,CBF,2,1,0,166.47,0,0,0,0,0.968129818388455,0.52538599708771,0.012013455069678,0,0,0
INS low,21,HOCBF,1,1,0,178.63,0,0,0,0,0.924588325244577,0.592291771279938,0,0,0,0
INS low,21,HOCBF,2,1,0,166.35,0,0,0,0,0.968628227657414,0.52499863738416,0.0120221207020918,0,0,0
INS low,21,rCBF,1,1,0,178.7,0,0,0,0,0.924540984652238,0.589966710035297,0.262995915169828,0.106323447118075,0,0
INS low,21,rCBF,2,1,0,165.97,0,0,0,0,0.970435098167295,0.523027527634902,0.421737558742017,0.168705187684521,0,0
INS low,21,rHOCBF,1,1,0,179.52,0,0,0,0,0.92116244383501,0.593960245430888,0.250654486715312,0,0,0
INS low,21,rHOCBF,2,1,0,166.23,0,0,0,0,0.968888849443728,0.524636758032543,0.415062560153994,0.0120315225891837,0,0
INS low,22,none,1,1,0,179.72,0,0,0,0,0.920944492031791,0.591959679979146,0,0,0,0
INS low,22,none,2,1,0,166.38,0,0,0,0,0.969026447767878,0.525510182076454,0,0,0,0
INS low,22,CBF,1,1,0,179.72,0,0,0,0,0.920944492031791,0.591959679979146,0,0,0,0
INS low,22,CBF,2,1,0,166.44,0,0,0,0,0.968693028802208,0.525395678284698,0.0180234304595975,0.00600817111271329,0,0
INS low,22,HOCBF,1,1,0,179.72,0,0,0,0,0.92095407548652,0.591960561727507,0.00556390140766706,0,0,0
INS low,22,HOCBF,2,1,0,166.43,0,0,0,0,0.969101203566269,0.52548214687091,0.0240326844508532,0,0,0
INS low,22,rCBF,1,1,0,179.29,0,0,0,0,0.923289669342504,0.59166257395862,0.395984383714445,0.167326677449941,0,0
INS low,22,rCBF,2,1,0,165.76,0,0,0,0,0.971876070318743,0.522340371370864,0.33178500331785,0.174951737451737,0,0
INS low,22,rHOCBF,1,1,0,179.72,0,0,0,0,0.920807805074868,0.59286295337598,0.255939464752685,0,0,0
INS low,22,rHOCBF,2,1,0,167.06,0,0,0,0,0.965932534558433,0.527395024314443,0.448913629017777,0.00598587333892015,0,0
INS high,23,none,1,1,0,180.25,0,0,0,0,0.916339474838439,0.596035293004069,0,0,0,0
INS high,23,none,2,1,0,166.31,0,0,0,0,0.96661076606863,0.521402499387878,0,0,0,0
INS high,23,CBF,1,1,0,180.14,0,0,0,0,0.916928046327741,0.596068316288254,0.0777130169303358,0.0777173309648052,0,0
INS high,23,CBF,2,1,0,166.49,0,0,0,0,0.965099533324805,0.522333589900067,0.138138138138138,0.0780827677337978,0,0
INS high,23,HOCBF,1,1,0,180.18,0,0,0,0,0.916977859560223,0.596148199397672,0.0887951606637438,0.0333000333000333,0,0
INS high,23,HOCBF,2,1,0,166.34,0,0,0,0,0.965634042653503,0.522130131120658,0.144274120829576,0.0360706985691956,0,0
INS high,23,rCBF,1,1,0,179.24,0,0,0,0,0.920704191575478,0.594717414833899,0.652719665271967,0.418433385405043,0,0
INS high,23,rCBF,2,1,0,165.63,0,0,0,0,0.969331870862386,0.518982138469449,0.591644530306689,0.380365875747147,0,0
INS high,23,rHOCBF,1,1,0,181.29,0,0,0,0,0.913111522494978,0.600359898496518,0.843905129619415,0.104804456947432,0,0
INS high,23,rHOCBF,2,1,0,167.04,0,0,0,0,0.962707281191749,0.522912376914959,0.885962286740497,0.131704980842912,0,0
INS high,24,none,1,1,0,180.01,0,0,0,0,0.91778795437262,0.598215559695969,0,0,0,0
INS high,24,none,2,1,0,166.19,0,0,0,0,0.967406432881859,0.523822264697109,0,0,0,0
INS high,24,CBF,1,1,0,180.12,0,0,0,0,0.917894884400866,0.597996667528966,0.0721700993726753,0.0610703975127693,0,0
INS high,24,CBF,2,1,0,166.06,0,0,0,0,0.966534719461735,0.523522278994434,0.162582043716505,0.0903287968204264,0,0
INS high,24,HOCBF,1,1,0,180.14,0,0,0,0,0.91751949483711,0.598428060063166,0.0888148764918124,0.0444099034084601,0,0
INS high,24,HOCBF,2,1,0,166.06,0,0,0,0,0.965951062432237,0.523957569792168,0.162582043716505,0.042153438516199,0,0
INS high,24,rCBF,1,1,0,178.94,0,0,0,0,0.923146970353409,0.591965943638469,0.536462699077955,0.352073320666145,0,0
INS high,24,rCBF,2,1,0,165.2,0,0,0,0,0.972673024993139,0.515977156224324,0.599237334301798,0.417675544794189,0,0
INS high,24,rHOCBF,1,1,0,180.84,0,0,0,0,0.915111411467881,0.599986804831204,0.768592756427979,0.08847600088476,0,0
INS high,24,rHOCBF,2,1,0,166.7,0,0,0,0,0.964265151207713,0.524970035026055,0.767800371903305,0.173965206958608,0,0
INS high,25,none,1,1,0,182,0,0,0,0,0.91002491747491,0.603198107192631,0,0,0,0
INS high,25,none,2,1,0,166.1,0,0,0,0,0.965802012205865,0.527059022918255,0,0,0,0
INS high,25,CBF,1,1,0,181.96,0,0,0,0,0.911293536297741,0.601117280232966,0.126394460625378,0.093427126841064,0,0
INS high,25,CBF,2,1,0,165.9,0,0,0,0,0.96678636233655,0.526432706836297,0.150684105840516,0.0783604581072936,0,0
INS high,25,HOCBF,1,1,0,181.54,0,0,0,0,0.912721258677132,0.599886711713747,0.159735610024787,0.077117990525504,0,0
INS high,25,HOCBF,2,1,0,166.06,0,0,0,0,0.964655069783466,0.528306079233028,0.16860360089119,0.0481753583042274,0,0
INS high,25,rCBF,1,1,0,180.45,0,0,0,0,0.918169883198957,0.596105677825302,0.648343123129779,0.471044610695484,0,0
INS high,25,rCBF,2,1,0,165.27,0,0,0,0,0.970698455235389,0.522096277109289,0.623184898354308,0.381194409148666,0,0
INS high,25,rHOCBF,1,1,0,182.21,0,0,0,0,0.909324558626943,0.603347639042174,0.867083744923719,0.170133362603589,0,0
INS high,25,rHOCBF,2,1,0,167.22,0,0,0,0,0.960026070932544,0.529269183367887,0.914907612270526,0.203324961129052,0,0
INS high,26,none,1,1,0,180.23,0,0,0,0,0.915080060387238,0.600588872393273,0,0,0,0
INS high,26,none,2,1,0,165.52,0,0,0,0,0.969260116623332,0.520447076410492,0,0,0,0
INS high,26,CBF,1,1,0,180.81,0,0,0,0,0.913199152107212,0.60154445397209,0.110607233713085,0.0940213483767491,0,0
INS high,26,CBF,2,1,0,165.65,0,0,0,0,0.968520429070252,0.521024003060175,0.162984425932633,0.108662843344401,0,0
INS high,26,HOCBF,1,1,0,180.13,0,0,0,0,0.914934069976023,0.600110357435219,0.122127234373265,0.0499639149503137,0,0
INS high,26,HOCBF,2,1,0,165.38,0,0,0,0,0.969718135096265,0.520389927339394,0.163250498820969,0.0423267626073286,0,0
INS high,26,rCBF,1,1,0,179.34,0,0,0,0,0.919189656659699,0.596446306850578,0.524114859213828,0.38474406155905,0,0
INS high,26,rCBF,2,1,0,165.65,0,0,0,0,0.970291654534559,0.517539229277121,0.730411686586985,0.47087232115907,0,0
INS high,26,rHOCBF,1,1,0,180.91,0,0,0,0,0.912246948735945,0.60247372809151,0.862259562237453,0.132662649936432,0,0
INS high,26,rHOCBF,2,1,0,167.1,0,0,0,0,0.961375621105007,0.527409392227269,1.07115073903417,0.233393177737882,0,0
INS high,27,none,1,1,0,182.15,0,0,0,0,0.909273998502102,0.600698516322618,0,0,0,0
INS high,27,none,2,1,0,167.45,0,0,0,0,0.960497483595894,0.525642023863692,0,0,0,0
INS high,27,CBF,1,1,0,182.14,0,0,0,0,0.909412670439808,0.600546150964406,0.0823497117760088,0.0713736686065664,0,0
INS high,27,CBF,2,1,0,166.72,0,0,0,0,0.963473468414632,0.525278125019214,0.149943021651772,0.0599808061420345,0,0
INS high,27,HOCBF,1,1,0,182.15,0,0,0,0,0.909415060249308,0.600927394993595,0.0878348704435661,0.043919846280538,0,0
INS high,27,HOCBF,2,1,0,166.72,0,0,0,0,0.963088307954339,0.525648753253574,0.113956696455347,0.0239923224568138,0,0
INS high,27,rCBF,1,1,0,181.02,0,0,0,0,0.915325426371802,0.59247752227449,0.635253825332818,0.392221853938791,0,0
INS high,27,rCBF,2,1,0,166.19,0,0,0,0,0.96696161720598,0.522148355443307,0.589651022864019,0.403153017630423,0,0
INS high,27,rHOCBF,1,1,0,182.41,0,0,0,0,0.909123004998953,0.601767969809126,0.701677447648284,0.0877144893372074,0,0
INS high,27,rHOCBF,2,1,0,167.51,0,0,0,0,0.959342846332247,0.527387806956536,0.889446036294174,0.149244821204704,0,0
actuator left 60%,28,none,1,1,0,183.28,0,0,0,0,0.918191205172932,0.573763065956544,0,0,0,0
actuator left 60%,28,none,2,1,0,169,0,0,0,0,0.94101646518282,0.513982546308108,0,0,0,0
actuator left 60%,28,CBF,1,1,0,183.28,0,0,0,0,0.918191205172932,0.573763065956544,0,0,0,0
actuator left 60%,28,CBF,2,1,0,169,0,0,0,0,0.94101646518282,0.513982546308108,0,0,0,0
actuator left 60%,28,HOCBF,1,1,0,183.28,0,0,0,0,0.918191205172932,0.573763065956544,0,0,0,0
actuator left 60%,28,HOCBF,2,1,0,169,0,0,0,0,0.94101646518282,0.513982546308108,0,0,0,0
actuator left 60%,28,rCBF,1,1,0,183.28,0,0,0,0,0.918300074605913,0.573345669266887,0.283703420808555,0.0982103884766478,0,0
actuator left 60%,28,rCBF,2,1,0,167.94,0,0,0,0,0.945266857160083,0.513424378756999,0.529919618934207,0.333452423484578,0,0
actuator left 60%,28,rHOCBF,1,1,0,183.3,0,0,0,0,0.918136960236478,0.57384881165292,0.0818285963668103,0,0,0
actuator left 60%,28,rHOCBF,2,1,0,169.66,0,0,0,0,0.938145788217314,0.515372012971009,0.854600106088289,0,0,0
actuator right 60%,29,none,1,1,0,180.4,0,0,0,0,0.916141354611979,0.58396672010597,0,0,0,0
actuator right 60%,29,none,2,1,0,171.4,0,0,0,0,0.951363510497791,0.51083529837372,0,0,0,0
actuator right 60%,29,CBF,1,1,0,180.4,0,0,0,0,0.916141354611979,0.58396672010597,0,0,0,0
actuator right 60%,29,CBF,2,1,0,171.4,0,0,0,0,0.951363510497791,0.51083529837372,0,0,0,0
actuator right 60%,29,HOCBF,1,1,0,180.4,0,0,0,0,0.916141354611979,0.58396672010597,0,0,0,0
actuator right 60%,29,HOCBF,2,1,0,171.4,0,0,0,0,0.951363510497791,0.51083529837372,0,0,0,0
actuator right 60%,29,rCBF,1,1,0,180.18,0,0,0,0,0.916817049486012,0.583420740525557,0.416227315611299,0.1998001998002,0,0
actuator right 60%,29,rCBF,2,1,0,171.37,0,0,0,0,0.951606383331971,0.510477318974687,0.110864745011086,0.0233413082803291,0,0
actuator right 60%,29,rHOCBF,1,1,0,180.37,0,0,0,0,0.91617227050739,0.583960423028476,0.127508592970396,0,0,0
actuator right 60%,29,rHOCBF,2,1,0,171.46,0,0,0,0,0.951161369233124,0.510832738867911,0.145798098792792,0,0,0
