level,filter,runs,P_exit,mean_exit_m,max_exit_m,P_left_chain,P_reached,P_stuck,any_collision,mean_T_s,filter_active_pct,infeasible_pct,P_exit_lo,P_exit_hi,P_reached_lo,P_reached_hi
nominal,none,2,0,0,0,0,1,0,0,172.735,0,0,0,0.657628047110381,0.342371952889619,1
nominal,CBF,2,0,0,0,0,1,0,0,172.735,0,0,0,0.657628047110381,0.342371952889619,1
nominal,HOCBF,2,0,0,0,0,1,0,0,172.735,0,0,0,0.657628047110381,0.342371952889619,1
nominal,rCBF,2,0,0,0,0,1,0,0,172.245,0.395029839848767,0.183614995801891,0,0.657628047110381,0.342371952889619,1
nominal,rHOCBF,2,0,0,0,0,1,0,0,172.775,0.328944727290099,0,0,0.657628047110381,0.342371952889619,1
current 0.15 m/s,none,16,0,0,0,0,1,0,0,180.013125,0,0,0,0.19361341827272,0.80638658172728,1
current 0.15 m/s,CBF,16,0,0,0,0,1,0,0,179.6075,0.0644059644134378,0.0346398830343441,0,0.19361341827272,0.80638658172728,1
current 0.15 m/s,HOCBF,16,0,0,0,0,1,0,0,180.075625,0.02605604144129,0,0,0.19361341827272,0.80638658172728,1
current 0.15 m/s,rCBF,16,0,0,0,0,1,0,0,179.14125,0.593311173128514,0.333313033771731,0,0.19361341827272,0.80638658172728,1
current 0.15 m/s,rHOCBF,16,0,0,0,0,1,0,0,182.135625,1.27066692929087,0,0,0.19361341827272,0.80638658172728,1
current 0.30 m/s,none,16,0.25,0.161100068325775,1.09806064856368,0.25,0.75,0.1875,0,285.97125,0,0,0.101819019842373,0.494987689293986,0.505012310706013,0.898180980157626
current 0.30 m/s,CBF,16,0.25,0.0470124541534073,0.454610397925518,0.25,0.75,0.1875,0,280.173125,0.259967627436542,0.077650630879011,0.101819019842373,0.494987689293986,0.505012310706013,0.898180980157626
current 0.30 m/s,HOCBF,16,0.25,0.0384519992018756,0.255414285516584,0.25,0.625,0.3125,0,317.275,8.83248330463486,0.00966061827956989,0.101819019842373,0.494987689293986,0.386406470979348,0.815190174452472
current 0.30 m/s,rCBF,16,0.1875,0.0106708718410218,0.119871031956718,0.1875,0.9375,0.0625,0,273.3975,1.0416349018201,0.695597110740108,0.0659147877358676,0.430093598684582,0.716707316319701,0.988880942691669
current 0.30 m/s,rHOCBF,16,0.125,0.0245773860371405,0.243711368793118,0.125,0.5625,0.3125,0,318.291875,20.6508796724798,0.0571765934128878,0.0349767493370571,0.360233314367483,0.331781956067765,0.769016366648145
INS low,none,10,0,0,0,0,1,0,0,172.728,0,0,0,0.277540168766617,0.722459831233383,1
INS low,CBF,10,0,0,0,0,1,0,0,172.749,0.00476468995801782,0.00115826178488747,0,0.277540168766617,0.722459831233383,1
INS low,HOCBF,10,0,0,0,0,1,0,0,172.733,0.00476308510925666,0,0,0.277540168766617,0.722459831233383,1
INS low,rCBF,10,0,0,0,0,1,0,0,172.138,0.333747761810569,0.150492204196956,0,0.277540168766617,0.722459831233383,1
INS low,rHOCBF,10,0,0,0,0,1,0,0,173.086,0.345684492440995,0.00355914876243718,0,0.277540168766617,0.722459831233383,1
INS high,none,10,0,0,0,0,1,0,0,173.621,0,0,0,0.277540168766617,0.722459831233383,1
INS high,CBF,10,0,0,0,0,1,0,0,173.599,0.123356625769705,0.0813025544449907,0,0.277540168766617,0.722459831233383,1
INS high,HOCBF,10,0,0,0,0,1,0,0,173.47,0.129997471271076,0.0441430268918614,0,0.277540168766617,0.722459831233383,1
INS high,rCBF,10,0,0,0,0,1,0,0,172.693,0.613102364444015,0.407177840074401,0,0.277540168766617,0.722459831233383,1
INS high,rHOCBF,10,0,0,0,0,1,0,0,174.323,0.857278568709952,0.147542410758258,0,0.277540168766617,0.722459831233383,1
actuator left 60%,none,2,0,0,0,0,1,0,0,176.14,0,0,0,0.657628047110381,0.342371952889619,1
actuator left 60%,CBF,2,0,0,0,0,1,0,0,176.14,0,0,0,0.657628047110381,0.342371952889619,1
actuator left 60%,HOCBF,2,0,0,0,0,1,0,0,176.14,0,0,0,0.657628047110381,0.342371952889619,1
actuator left 60%,rCBF,2,0,0,0,0,1,0,0,175.61,0.406811519871381,0.215831405980613,0,0.657628047110381,0.342371952889619,1
actuator left 60%,rHOCBF,2,0,0,0,0,1,0,0,176.48,0.46821435122755,0,0,0.657628047110381,0.342371952889619,1
actuator right 60%,none,2,0,0,0,0,1,0,0,175.9,0,0,0,0.657628047110381,0.342371952889619,1
actuator right 60%,CBF,2,0,0,0,0,1,0,0,175.9,0,0,0,0.657628047110381,0.342371952889619,1
actuator right 60%,HOCBF,2,0,0,0,0,1,0,0,175.9,0,0,0,0.657628047110381,0.342371952889619,1
actuator right 60%,rCBF,2,0,0,0,0,1,0,0,175.775,0.263546030311193,0.111570754040264,0,0.657628047110381,0.342371952889619,1
actuator right 60%,rHOCBF,2,0,0,0,0,1,0,0,175.915,0.136653345881594,0,0,0.657628047110381,0.342371952889619,1
