part,value,law,U,seed,reached,stuck,T,exitAct,exitChain,tOutChain,collision,uMean,uCV,filtPct,infeasPct,exited
T_R,0.5,MS + radius scheduling,2,1,1,0,130.99,0,0,0,0,1.32096625609326,0.404140275761632,0,0,0
T_R,0.5,MS + radius scheduling,2,2,1,0,121.84,0,0,0,0,1.37688443419909,0.351820264131839,0,0,0
T_R,0.5,MS + radius scheduling,3,1,1,0,110.59,0,0,0,0,1.55221061717491,0.52360610876853,0,0,0
T_R,0.5,MS + radius scheduling,3,2,1,0,107.72,0,0,0,0,1.57552663817593,0.468750421953542,0,0,0
T_R,1,MS + radius scheduling,2,1,1,0,178.89,0,0,0,0,0.923804426474564,0.591003011535999,0,0,0
T_R,1,MS + radius scheduling,2,2,1,0,166.58,0,0,0,0,0.967662285398116,0.528184643523536,0,0,0
T_R,1,MS + radius scheduling,3,1,1,0,170.64,0,0,0,0,0.971690050821547,0.669201552130134,0,0,0
T_R,1,MS + radius scheduling,3,2,1,0,162.52,0,0,0,0,0.991059250768482,0.591611508522578,0,0,0
T_R,2,MS + radius scheduling,2,1,1,0,315.07,0,0,0,0,0.503261216911365,0.713930996701547,0,0,0
T_R,2,MS + radius scheduling,2,2,1,0,286.24,0,0,0,0,0.535226099783381,0.600274287810373,0,0,0
T_R,2,MS + radius scheduling,3,1,1,0,315.07,0,0,0,0,0.503261216911365,0.713930996701547,0,0,0
T_R,2,MS + radius scheduling,3,2,1,0,286.24,0,0,0,0,0.535226099783381,0.600274287810373,0,0,0
Fmin,-7.25,MS + radius scheduling,2,1,1,0,179.73,0,0,0,0,0.922181447075216,0.593432241873836,0,0,0
Fmin,-7.25,MS + radius scheduling,2,2,1,0,168.58,0,0,0,0,0.961093006106006,0.531558948458901,0,0,0
Fmin,-7.25,MS + radius scheduling,3,1,1,0,171.21,0,0,0,0,0.970003578093001,0.670508831799091,0,0,0
Fmin,-7.25,MS + radius scheduling,3,2,1,0,164.34,0,0,0,0,0.984893010174105,0.593922993744121,0,0,0
Fmin,-14.5,MS + radius scheduling,2,1,1,0,178.88,0,0,0,0,0.923969806169191,0.591126901496017,0,0,0
Fmin,-14.5,MS + radius scheduling,2,2,1,0,166.58,0,0,0,0,0.967663087478959,0.528183754774835,0,0,0
Fmin,-14.5,MS + radius scheduling,3,1,1,0,170.65,0,0,0,0,0.97163957370359,0.669224143154308,0,0,0
Fmin,-14.5,MS + radius scheduling,3,2,1,0,162.52,0,0,0,0,0.991208039777502,0.591542029567103,0,0,0
Fmin,-26,MS + radius scheduling,2,1,1,0,178.83,0,0,0,0,0.922961229278952,0.59176397713424,0,0,0
Fmin,-26,MS + radius scheduling,2,2,1,0,166,0,0,0,0,0.968230474288678,0.528787160862838,0,0,0
Fmin,-26,MS + radius scheduling,3,1,1,0,170.49,0,0,0,0,0.971177972234554,0.670743005240041,0,0,0
Fmin,-26,MS + radius scheduling,3,2,1,0,161.88,0,0,0,0,0.991794456389827,0.592726012735542,0,0,0
T_act,0.1,MS + radius scheduling,2,1,1,0,177.72,0,0,0,0,0.929095812815127,0.589350716982168,0,0,0
T_act,0.1,MS + radius scheduling,2,2,1,0,165.09,0,0,0,0,0.972208738407341,0.527078747913828,0,0,0
T_act,0.1,MS + radius scheduling,3,1,1,0,169.79,0,0,0,0,0.976655809110737,0.670390253366504,0,0,0
T_act,0.1,MS + radius scheduling,3,2,1,0,160.86,0,0,0,0,0.997315970720114,0.593362934755493,0,0,0
T_act,0.25,MS + radius scheduling,2,1,1,0,178.89,0,0,0,0,0.923804426474564,0.591003011535999,0,0,0
T_act,0.25,MS + radius scheduling,2,2,1,0,166.58,0,0,0,0,0.967662285398116,0.528184643523536,0,0,0
T_act,0.25,MS + radius scheduling,3,1,1,0,170.64,0,0,0,0,0.971690050821547,0.669201552130134,0,0,0
T_act,0.25,MS + radius scheduling,3,2,1,0,162.52,0,0,0,0,0.991059250768482,0.591611508522578,0,0,0
T_act,0.5,MS + radius scheduling,2,1,1,0,181.81,0,0,0,0,0.914006150974398,0.601920648349988,0,0,0
T_act,0.5,MS + radius scheduling,2,2,1,0,168.79,0,0,0,0,0.981711675983021,0.50294208209069,0,0,0
T_act,0.5,MS + radius scheduling,3,1,1,0,172.63,0,0,0,0,0.962460902125291,0.676193548757194,0,0,0
T_act,0.5,MS + radius scheduling,3,2,1,0,165.32,0,0,0,0,1.00295178900453,0.56066670245792,0,0,0
