part,value,law,U,runs,P_exit,max_exit_m,P_reached,mean_T_s,P_exit_lo,P_exit_hi
Fmin,-26,MS + radius scheduling,2,2,0,0,1,172.415,0,0.657628047110381
Fmin,-26,MS + radius scheduling,3,2,0,0,1,166.185,0,0.657628047110381
Fmin,-14.5,MS + radius scheduling,2,2,0,0,1,172.73,0,0.657628047110381
Fmin,-14.5,MS + radius scheduling,3,2,0,0,1,166.585,0,0.657628047110381
Fmin,-7.25,MS + radius scheduling,2,2,0,0,1,174.155,0,0.657628047110381
Fmin,-7.25,MS + radius scheduling,3,2,0,0,1,167.775,0,0.657628047110381
T_R,0.5,MS + radius scheduling,2,2,0,0,1,126.415,0,0.657628047110381
T_R,0.5,MS + radius scheduling,3,2,0,0,1,109.155,0,0.657628047110381
T_R,1,MS + radius scheduling,2,2,0,0,1,172.735,0,0.657628047110381
T_R,1,MS + radius scheduling,3,2,0,0,1,166.58,0,0.657628047110381
T_R,2,MS + radius scheduling,2,2,0,0,1,300.655,0,0.657628047110381
T_R,2,MS + radius scheduling,3,2,0,0,1,300.655,0,0.657628047110381
T_act,0.1,MS + radius scheduling,2,2,0,0,1,171.405,0,0.657628047110381
T_act,0.1,MS + radius scheduling,3,2,0,0,1,165.325,0,0.657628047110381
T_act,0.25,MS + radius scheduling,2,2,0,0,1,172.735,0,0.657628047110381
T_act,0.25,MS + radius scheduling,3,2,0,0,1,166.58,0,0.657628047110381
T_act,0.5,MS + radius scheduling,2,2,0,0,1,175.3,0,0.657628047110381
T_act,0.5,MS + radius scheduling,3,2,0,0,1,168.975,0,0.657628047110381
